{
    "89": -0.17081961,
    "47": -0.19900213,
    "13": -0.19750253,
    "18": -0.02360385,
    "33": -1.70137702,
    "79": -0.18495709,
    "5": -0.27171026,
    "56": -0.03088066,
    "4": -0.03838539,
    "83": -1.36013569,
    "35": -0.20740629,
    "6": -1.24295712,
    "20": -0.02583099,
    "48": -0.01413894,
    "17": -0.23864157,
    "27": -2.04933661,
    "24": -5.44598156,
    "55": -0.13338639,
    "29": -0.24246995,
    "68": -0.23755845,
    "63": 0.26864308,
    "9": -0.41889767,
    "26": -3.34044121,
    "31": -0.1932517,
    "32": -0.75988924,
    "1": -1.11710121,
    "2": 0.00172775,
    "72": -3.33968914,
    "80": -0.01071365,
    "53": -0.16934758,
    "49": -0.17770214,
    "19": -0.17694533,
    "36": -0.02241023,
    "3": -0.29395224,
    "12": -0.00047825,
    "25": -5.14711495,
    "42": -4.64839693,
    "7": -3.12380521,
    "11": -0.22834533,
    "41": -3.20223378,
    "60": -0.18984773,
    "10": -0.01231916,
    "8": -1.52770489,
    "15": -1.88699454,
    "82": -0.61154453,
    "46": -1.47561593,
    "59": -0.31454003,
    "37": -0.1601108,
    "75": -4.60898143,
    "45": -1.53412802,
    "44": -2.23520556,
    "16": -0.87116267,
    "51": -1.43017119,
    "21": -2.12958545,
    "34": -0.76433381,
    "14": -0.80648603,
    "62": 0.26250707,
    "50": -0.66037409,
    "38": -0.02799251,
    "73": -3.66367233,
    "52": -0.63798919,
    "90": -1.04187671,
    "22": -2.5599592,
    "81": -0.16048438,
    "69": -0.17658605,
    "23": -3.53917691,
    "74": -4.57085169,
    "54": -0.0123995,
    "39": -2.25701384,
    "70": -0.12012441,
    "30": -0.01111627,
    "40": -2.09897304,
    "58": -1.34724992,
    "66": -0.23064098,
    "64": -0.22970447,
    "67": -0.3214086,
    "77": -1.47363969,
    "57": -0.5962007,
    "71": -0.23564723,
    "28": -0.70973666,
    "93": -7.26653653,
    "76": -2.8311672,
    "91": -2.33582655,
    "61": -6.49389516,
    "78": -0.47759542,
    "94": -10.30094735,
    "65": -0.23093228,
    "43": -3.34032017,
    "92": -4.58494082
}